Id,Name,hed__Program_Plan__c,hed__Contact__c
a0JON000008aIBV2A2,PE-0288,,0038c00002jGs5QAAS
a0JON00000B1N4H2AV,PE-0349,,0038c00002jGrcxAAC
a0JON00000BHe9D2AT,PE-0356,,0038c00002jGr4nAAC
a0JON00000BZ6qc2AD,PE-0365,,0038c00002jGr5GAAS
a0JON000000fEjl2AE,PE-0126,,0038c00002jGs7HAAS
a0JON000009mifu2AA,PE-0322,,0038c00002jGrp1AAC
a0JON000000f7X12AI,PE-0124,,0038c00002jGrW2AAK
a0JON000000f6cX2AQ,PE-0123,,0038c00002oxa29AAA
a0JON000000eydO2AQ,PE-0125,,0038c00003MGfuJAAT
a0J8c00000t6Jf4EAE,PE-0037,,0038c00002jGs7eAAC
a0JON00000Edr7d2AB,PE-0567,,0038c00003JBcvkAAD
a0JON00000EAxrZ2AT,PE-0564,,0038c00002jGrc2AAC
a0JON000004bjgc2AA,PE-0190,,0038c00002jGrpTAAS
a0JON000004ba8f2AA,PE-0188,,0038c00002jGrToAAK
a0JON000004Gzej2AC,PE-0181,,0038c00002jGr84AAC
a0JON000007Pxs52AC,PE-0265,,0038c00002jGqXgAAK
a0JON000005NYHR2A4,PE-0209,,0038c00002jGqXiAAK
a0JON00000BqH4r2AF,PE-0381,,003ON00000PeZboYAF
a0JON00000BrevR2AR,PE-0382,,003ON00000PhWO6YAN
a0JON000005NJS82AO,PE-0210,,0038c00002jGrVIAA0
a0J8c00000t6jbdEAA,PE-0079,,0038c00002jGraaAAC
a0JON00000DvqVS2AZ,PE-0407,,0038c00002jGqQ4AAK
a0JON00000Dw0GJ2AZ,PE-0436,,0038c00002jGqkRAAS
a0JON00000Dw5HZ2AZ,PE-0449,,0038c00002jGqoDAAS
a0JON000008DE8b2AG,PE-0283,,0038c00002jGs0qAAC
a0JON000005cPk62AE,PE-0226,,0038c00002jGroUAAS
a0JON000009roHd2AI,PE-0326,,0038c00002jGs7PAAS
a0JON000005Nvab2AC,PE-0214,,0038c00002jGrzRAAS
a0JON00000DxHzp2AF,PE-0491,,0038c00002jGr9LAAS
a0JON000007bGpl2AE,PE-0269,,0038c00003AHJdiAAH
a0JON00000HaFQA2A3,PE-0581,,0038c00002jGqo2AAC
a0JON00000DxOrd2AF,PE-0540,,0038c00002jGrqEAAS
a0JON00000BnBdX2AV,PE-0375,a0K8c00000eF3hYEAS,0038c00002jGs7RAAS
a0JON00000CXLZp2AP,PE-0388,a0K8c00000eF3hYEAS,0038c00002jGs3dAAC
a0JON000008gcU72AI,PE-0295,a0K8c00000eF3hYEAS,0038c00002jGr0HAAS
a0J8c00000t6JfiEAE,PE-0041,a0K8c00000eF3hYEAS,0038c00003AHJdiAAH
a0JON000005lTlG2AU,PE-0229,a0K8c00000eF3hYEAS,0038c00002jGqQ9AAK
a0JON000008hNUd2AM,PE-0296,a0K8c00000eF3hYEAS,0038c00002jGs7kAAC
a0JON00000856Px2AI,PE-0279,a0K8c00000eF3hdEAC,0038c00002jGr7fAAC
a0JON0000087ZNp2AM,PE-0281,a0K8c00000eF3hdEAC,003ON00000I8xNBYAZ
a0JON000008aDwc2AE,PE-0289,a0K8c00000eF3hdEAC,0038c00002jGr3gAAC
a0J8c00000sgpk9EAA,PE-0004,a0K8c00000eF3hdEAC,0038c00002yY6GJAA0
a0J8c00000sskGqEAI,PE-0095,a0K8c00000eF3hdEAC,0038c00003IAEDDAA5
a0JON00000HRRvB2AX,PE-0580,a0K8c00000eF3hdEAC,0038c00002jGr0EAAS
a0J8c00000sslJREAY,PE-0097,a0K8c00000eF3hdEAC,0038c00003GibsoAAB
a0J8c00000ssobuEAA,PE-0098,a0K8c00000eF3hdEAC,0038c00002jGrlxAAC
a0J8c00000t4z4IEAQ,PE-0091,a0K8c00000eF3hdEAC,0038c00002jGqY3AAK
a0JON00000HRQr32AH,PE-0579,a0K8c00000eF3hdEAC,0038c00002jGr0GAAS
a0J8c00000t58yZEAQ,PE-0093,a0K8c00000eF3hdEAC,0038c00003BbQxLAAV
a0JON00000HRPDR2A5,PE-0578,a0K8c00000eF3hdEAC,0038c00002jGr0KAAS
a0J8c00000t6EwJEAU,PE-0012,a0K8c00000eF3hdEAC,0038c00002jGqVeAAK
a0JON00000HREJe2AP,PE-0577,a0K8c00000eF3hdEAC,0038c00002jGr0RAAS
a0J8c00000t6HqDEAU,PE-0015,a0K8c00000eF3hdEAC,0038c000032zAziAAE
a0J8c00000t6I5SEAU,PE-0016,a0K8c00000eF3hdEAC,0038c00002jGqapAAC
a0J8c00000t6IJcEAM,PE-0017,a0K8c00000eF3hdEAC,0038c00002jGr5FAAS
a0JON00000HK4fB2AT,PE-0576,a0K8c00000eF3hdEAC,0038c00002jGrqdAAC
a0JON00000HBjCv2AL,PE-0575,a0K8c00000eF3hdEAC,0038c00002jGr4fAAC
a0J8c00000t6JbrEAE,PE-0027,a0K8c00000eF3hdEAC,0038c00002n9GykAAE
a0J8c00000t6JcFEAU,PE-0026,a0K8c00000eF3hdEAC,0038c00002jGs6pAAC
a0J8c00000t6Jd8EAE,PE-0028,a0K8c00000eF3hdEAC,0038c00002jGrXdAAK
a0J8c00000t6JeWEAU,PE-0034,a0K8c00000eF3hdEAC,0038c00002oxnXHAAY
a0J8c00000t6JfAEAU,PE-0039,a0K8c00000eF3hdEAC,0038c00002jGqX4AAK
a0J8c00000t6JfxEAE,PE-0043,a0K8c00000eF3hdEAC,0038c00002jGs7XAAS
a0J8c00000t6JhZEAU,PE-0048,a0K8c00000eF3hdEAC,0038c00002jGs7iAAC
a0J8c00000t6JhtEAE,PE-0049,a0K8c00000eF3hdEAC,0038c00002jGs7gAAC
a0J8c00000t6JhyEAE,PE-0051,a0K8c00000eF3hdEAC,0038c00002jGs7ZAAS
a0J8c00000t6JihEAE,PE-0052,a0K8c00000eF3hdEAC,0038c00002jGqQsAAK
a0J8c00000t6JimEAE,PE-0053,a0K8c00000eF3hdEAC,0038c00002jGrqWAAS
a0J8c00000t6Jj6EAE,PE-0055,a0K8c00000eF3hdEAC,0038c00002jGraxAAC
a0J8c00000t6Jj7EAE,PE-0056,a0K8c00000eF3hdEAC,0038c00002jGrb7AAC
a0JON00000E8ds92AB,PE-0562,a0K8c00000eF3hdEAC,0038c00002lNaGHAA0
a0J8c00000rKLXmEAO,PE-0001,a0K8c00000eF3hdEAC,0038c00002wuimPAAQ
a0J8c00000sEuNnEAK,PE-0006,a0K8c00000eF3hdEAC,0038c00002zOcDVAA0
a0J8c00000sF5LuEAK,PE-0007,a0K8c00000eF3hdEAC,0038c00002jGs6ZAAS
a0J8c00000t6LsTEAU,PE-0076,a0K8c00000eF3hdEAC,0038c00003BapBvAAJ
a0J8c00000t6vahEAA,PE-0082,a0K8c00000eF3hdEAC,0038c00002jGqU8AAK
a0JON00000Db5R52AJ,PE-0403,a0K8c00000eF3hdEAC,0038c00002jGqjoAAC
a0J8c00000ty9OtEAI,PE-0100,a0K8c00000eF3hdEAC,0038c00002jGr1oAAC
a0JON00000DazYZ2AZ,PE-0404,a0K8c00000eF3hdEAC,0038c00002jGqxeAAC
a0J8c00000tyBIqEAM,PE-0102,a0K8c00000eF3hdEAC,0038c00003K2L7wAAF
a0JON00000CuUPW2A3,PE-0393,a0K8c00000eF3hdEAC,003ON000006ZcfCYAS
a0J8c00000seI8wEAE,PE-0085,a0K8c00000eF3hdEAC,0038c00002jGqzHAAS
a0J8c00000seIAFEA2,PE-0087,a0K8c00000eF3hdEAC,0038c00002jGrWTAA0
a0J8c00000seIYcEAM,PE-0089,a0K8c00000eF3hdEAC,0038c00002zOcN1AAK
a0JON00000BnLUn2AN,PE-0376,a0K8c00000eF3hdEAC,0038c00002jGs7QAAS
a0JON00000Bltp72AB,PE-0374,a0K8c00000eF3hdEAC,0038c00002jGs7fAAC
a0JON00000BltNh2AJ,PE-0372,a0K8c00000eF3hdEAC,0038c00002oyE5MAAU
a0JON00000BlsEj2AJ,PE-0371,a0K8c00000eF3hdEAC,0038c00002oxnSNAAY
a0JON0000021xUj2AI,PE-0135,a0K8c00000eF3hdEAC,0038c00002jGrWYAA0
a0JON00000BlqMc2AJ,PE-0373,a0K8c00000eF3hdEAC,0038c00002yXnJYAA0
a0JON000002IRrp2AG,PE-0149,a0K8c00000eF3hdEAC,0038c00003KPd1rAAD
a0JON00000BR7yM2AT,PE-0360,a0K8c00000eF3hdEAC,0038c00003KPdG8AAL
a0JON00000BR7Ww2AL,PE-0358,a0K8c00000eF3hdEAC,003ON00000OoHxZYAV
a0JON00000B6LTG2A3,PE-0352,a0K8c00000eF3hdEAC,0038c00002jGr5GAAS
a0JON0000035tQL2AY,PE-0161,a0K8c00000eF3hdEAC,0038c00003KPcqtAAD
a0JON00000365rJ2AQ,PE-0162,a0K8c00000eF3hdEAC,0038c00003KPySKAA1
a0JON00000367I12AI,PE-0163,a0K8c00000eF3hdEAC,003ON0000080QNpYAM
a0JON0000036E092AE,PE-0165,a0K8c00000eF3hdEAC,003ON0000080glrYAA
a0JON0000036OKT2A2,PE-0168,a0K8c00000eF3hdEAC,0038c00002jGqQMAA0
a0JON000003GdTV2A0,PE-0169,a0K8c00000eF3hdEAC,003ON000008KSemYAG
a0JON000003uUPu2AM,PE-0175,a0K8c00000eF3hdEAC,0038c00002twOQaAAM
a0JON00000AWhyY2AT,PE-0344,a0K8c00000eF3hdEAC,003ON00000N2NbFYAV
a0JON00000AQrsX2AT,PE-0343,a0K8c00000eF3hdEAC,0038c00002jGrpZAAS
a0JON000004GwqY2AS,PE-0180,a0K8c00000eF3hdEAC,0038c000032zAwFAAU
a0JON00000AO6892AD,PE-0341,a0K8c00000eF3hdEAC,0038c00002jGs55AAC
a0JON00000AFayH2AT,PE-0333,a0K8c00000eF3hdEAC,0038c00002jGqWXAA0
a0JON00000AFZu92AH,PE-0331,a0K8c00000eF3hdEAC,0038c00002jGqSWAA0
a0JON00000AFY5G2AX,PE-0335,a0K8c00000eF3hdEAC,0038c00002jGqQ6AAK
a0JON000004re9u2AA,PE-0199,a0K8c00000eF3hdEAC,0038c00002jGr4dAAC
a0JON00000AFSxX2AX,PE-0332,a0K8c00000eF3hdEAC,0038c00002jGryAAAS
a0JON000009rpNN2AY,PE-0328,a0K8c00000eF3hdEAC,0038c00002jGs7jAAC
a0JON000009ro7x2AA,PE-0325,a0K8c00000eF3hdEAC,0038c00002jGqSpAAK
a0JON000005Yia32AC,PE-0222,a0K8c00000eF3hdEAC,0038c00002tw23sAAA
a0JON000005YnwH2AS,PE-0223,a0K8c00000eF3hdEAC,003ON000008XLp7YAG
a0JON000005Z02H2AS,PE-0224,a0K8c00000eF3hdEAC,003ON000008XN9LYAW
a0JON000009nyVh2AI,PE-0323,a0K8c00000eF3hdEAC,0038c00002jGs7VAAS
a0JON000005hOll2AE,PE-0227,a0K8c00000eF3hdEAC,0038c00002jGqWEAA0
a0JON000009k1f32AA,PE-0319,a0K8c00000eF3hdEAC,0038c00002jGs8GAAS
a0JON0000064oPN2AY,PE-0241,a0K8c00000eF3hdEAC,0038c00002jGqxYAAS
a0JON000009eqva2AA,PE-0310,a0K8c00000eF3hdEAC,0038c00002yXnPlAAK
a0JON0000064xCX2AY,PE-0246,a0K8c00000eF3hdEAC,0038c00002jGqmQAAS
a0JON000006A2572AC,PE-0252,a0K8c00000eF3hdEAC,0038c00002jGrmxAAC
a0JON000009Yux42AC,PE-0307,a0K8c00000eF3hdEAC,0038c00002jGr9IAAS
a0JON000009XwHl2AK,PE-0306,a0K8c00000eF3hdEAC,0038c00002jGqTBAA0
a0JON000009X13N2AS,PE-0305,a0K8c00000eF3hdEAC,0038c00002jGs2nAAC
a0JON000006roJO2AY,PE-0263,a0K8c00000eF3hdEAC,003ON000003LROTYA4
a0J8c00000seIvcEAE,PE-0090,a0K8c00000eF3hdEAC,0038c000032zAyfAAE
a0JON000009Qa7V2AS,PE-0304,a0K8c00000eF3hdEAC,0038c00002jGr0NAAS
a0JON000009PBaz2AG,PE-0303,a0K8c00000eF3hdEAC,0038c00002jGrTWAA0
a0JON000007fDgQ2AU,PE-0276,a0K8c00000eF3hdEAC,0038c00003KPd3SAAT
a0JON00000850KX2AY,PE-0277,a0K8c00000eF3hdEAC,003ON00000I99JUYAZ
a0JON0000036HR32AM,PE-0167,a0K8c00000fNlvHEAS,003ON0000080fhsYAA
a0JON000007RP392AG,PE-0266,a0K8c00000fNlvHEAS,0038c00002jGqkzAAC
a0JON00000F7OZe2AN,PE-0572,a0K8c00000fNlvHEAS,0038c00002jGqV4AAK
a0JON0000036C812AE,PE-0164,a0K8c00000fNlvHEAS,003ON0000079zbSYAQ
a0JON00000DVESD2A5,PE-0401,a0K8c00000fNlvHEAS,003ON00000TJck4YAD
a0JON000009hn6j2AA,PE-0316,a0K8c00000fNlvHEAS,0038c00002jGs8LAAS
a0JON000006BgJp2AK,PE-0253,a0K8c00000fNlvHEAS,0038c00002jGs1uAAC
a0JON0000064jPi2AI,PE-0240,a0K8c00000fNlvHEAS,003ON000008XBMjYAO
a0JON000009GHUL2A4,PE-0301,a0K8c00000fNlvHEAS,003ON000008KSemYAG
a0JON000009f1UP2AY,PE-0312,a0K8c00000fNlvHEAS,0038c00002jGs7wAAC
a0JON000003GgHh2AK,PE-0171,a0K8c00000fNlvHEAS,0038c00002zMTSzAAO
a0JON000003Gbuk2AC,PE-0170,a0K8c00000fNlvHEAS,0038c00002wu6KEAAY
a0JON000008aKq12AE,PE-0290,a0K8c00000fNlvIEAS,0038c00002jGromAAC
a0JON00000BREbd2AH,PE-0361,a0K8c00000fNlvIEAS,0038c00002jGrA2AAK
a0JON00000GLYBx2AP,PE-0574,a0K8c00000fNlvIEAS,0038c00002jGqn3AAC
a0JON00000B6NA52AN,PE-0353,a0K8c00000fNlvIEAS,0038c00002jGr5GAAS
a0JON0000064v4H2AQ,PE-0244,a0K8c00000fNlvIEAS,0038c00002jGr8jAAC
a0JON0000064vvV2AQ,PE-0245,a0K8c00000fNlvIEAS,003ON00000ET7u6YAD
a0JON00000650Lh2AI,PE-0248,a0K8c00000fNlvIEAS,0038c00002jGrWEAA0
a0JON000003SUz72AG,PE-0172,a0K8c00000fNlvIEAS,0038c00002jGryvAAC
a0JON00000651ZV2AY,PE-0249,a0K8c00000fNlvIEAS,003ON00000ET7XjYAL
a0JON0000069sIg2AI,PE-0251,a0K8c00000fNlvIEAS,0038c00002tw22SAAQ
a0JON000004R0rG2AS,PE-0184,a0K8c00000fNlvIEAS,0038c00002jGqUhAAK
a0JON000004R2Q12AK,PE-0183,a0K8c00000fNlvIEAS,0038c00002jGrojAAC
a0JON000004RhL82AK,PE-0186,a0K8c00000fNlvIEAS,0038c00002jGrWgAAK
a0JON00000AMvYA2A1,PE-0339,a0K8c00000fNlvIEAS,003ON0000046s9yYAA
a0JON00000AFb6L2AT,PE-0334,a0K8c00000fNlvIEAS,0038c00002jGqzlAAC
a0JON000004imgA2AQ,PE-0194,a0K8c00000fNlvIEAS,0038c00002jGqTOAA0
a0JON000006eapK2AQ,PE-0256,a0K8c00000fNlvIEAS,0038c00003KPd1rAAD
a0JON000006oNZ52AM,PE-0257,a0K8c00000fNlvIEAS,0038c00002jGqTHAA0
a0JON000004tPoH2AU,PE-0200,a0K8c00000fNlvIEAS,0038c00002jGs5rAAC
a0JON000004tQM92AM,PE-0201,a0K8c00000fNlvIEAS,0038c00002jGs4iAAC
a0JON000008n1cf2AA,PE-0298,a0K8c00000fNlvIEAS,0038c00002jGqR4AAK
a0JON000006rbSe2AI,PE-0260,a0K8c00000fNlvIEAS,003ON00000FvdKAYAZ
a0JON0000057U9m2AE,PE-0206,a0K8c00000fNlvIEAS,0038c00002jGqaLAAS
a0JON0000057Z2z2AE,PE-0205,a0K8c00000fNlvIEAS,0038c00002jGs08AAC
a0JON000005LtHx2AK,PE-0208,a0K8c00000fNlvIEAS,0038c00002jGr6JAAS
a0JON000005NfVr2AK,PE-0212,a0K8c00000fNlvIEAS,0038c00002zMRlwAAG
a0JON000005NiyL2AS,PE-0211,a0K8c00000fNlvIEAS,0038c00002jGrXWAA0
a0JON000005NvKT2A0,PE-0213,a0K8c00000fNlvIEAS,0038c00002jGqxhAAC
a0JON000005Nvtx2AC,PE-0215,a0K8c00000fNlvIEAS,0038c00002jGryDAAS
a0JON000005Nwus2AC,PE-0217,a0K8c00000fNlvIEAS,0038c00002jGrbAAAS
a0JON000005O2vR2AS,PE-0218,a0K8c00000fNlvIEAS,0038c00002jGrXJAA0
a0JON000005RpUz2AK,PE-0220,a0K8c00000fNlvIEAS,0038c00002jGrlFAAS
a0J8c00000t6JjBEAU,PE-0057,a0K8c00000fNlvIEAS,0038c00002jGrB6AAK
a0J8c00000seFTgEAM,PE-0083,a0K8c00000fNlvIEAS,0038c00002jGqP1AAK
a0JON00000EiWQk2AN,PE-0570,a0K8c00000fNlvIEAS,003ON00000Md2YMYAZ
a0J8c00000t6JhUEAU,PE-0047,a0K8c00000fNlvIEAS,0038c00002jGqZNAA0
a0JON00000Et3V32AJ,PE-0571,a0K8c00000fNlvIEAS,0038c00002jGqYGAA0
a0JON000006rp492AA,PE-0261,a0K8c00000fNlvIEAS,003ON00000FvZIXYA3
a0J8c00000t6k0eEAA,PE-0081,a0K8c00000fNlvIEAS,0038c00002jGrpGAAS
a0JON000006rq3S2AQ,PE-0262,a0K8c00000fNlvIEAS,003ON00000FvJqEYAV
a0JON000008gcnR2AQ,PE-0294,a0K8c00000fNlvIEAS,0038c00002jGs82AAC
a0JON00000CukXV2AZ,PE-0397,a0K8c00000fNlvIEAS,0038c00002jGrl9AAC
a0JON00000Bil9l2AB,PE-0366,a0K8c00000fNlvIEAS,003ON00000PPiaaYAD
a0JON00000CXJud2AH,PE-0387,a0K8c00000fNlvIEAS,0038c00002jGrliAAC
a0JON00000CVQdd2AH,PE-0385,a0K8c00000fNlvIEAS,003ON00000QvXtAYAV
a0JON00000BpocM2AR,PE-0380,a0K8c00000fNlvIEAS,0038c00002jGqyfAAC
a0J8c00000seIXtEAM,PE-0088,a0K8c00000fNlvIEAS,0038c00002jGqwpAAC
a0JON00000BnMlp2AF,PE-0379,a0K8c00000fNlvIEAS,0038c00002jGs0fAAC
a0J8c00000t6JepEAE,PE-0033,a0K8c00000fNlvIEAS,0038c00002jGqvsAAC
a0JON000000qsql2AA,PE-0127,a0K8c00000fNlvIEAS,0038c00002jGr21AAC
a0JON000009hmdh2AA,PE-0315,a0K8c00000fNlvIEAS,0038c00002jGs4IAAS
a0JON00000Blrwz2AB,PE-0370,a0K8c00000fNlvIEAS,0038c00002owTlKAAU
a0JON0000064Vhi2AE,PE-0237,a0K8c00000fNlvIEAS,0038c00002jGrAEAA0
a0JON00000BlrFR2AZ,PE-0367,a0K8c00000fNlvIEAS,0038c00002jGs70AAC
a0JON0000026gGM2AY,PE-0140,a0K8c00000fNlvIEAS,0038c00002jGrmnAAC
a0J8c00000sgxEbEAI,PE-0005,a0K8c00000fNlvMEAS,0038c00002z5hW4AAI
a0JON000009hoFi2AI,PE-0317,a0K8c00000fNlvMEAS,0038c00002jGs8JAAS
a0JON0000026p572AA,PE-0143,a0K8c00000fNlvMEAS,0038c00002jGs7bAAC
a0JON00000853tW2AQ,PE-0278,a0K8c00000fNlvMEAS,0038c00002jGqUQAA0
a0JON00000B3WUs2AN,PE-0350,a0K8c00000fNlvMEAS,0038c00002jGrnCAAS
a0J8c00000t6JdwEAE,PE-0029,a0K8c00000fNlvMEAS,0038c00002jGs89AAC
a0J8c00000t6K1KEAU,PE-0070,a0K8c00000fNlvMEAS,0038c00002jGs5KAAS
a0JON000002hUrJ2AU,PE-0157,a0K8c00000fNlvMEAS,0038c00002jGrIaAAK
a0JON00000BO20k2AD,PE-0357,a0K8c00000fNlvMEAS,0038c00002jGrUHAA0
a0JON0000064z6H2AQ,PE-0247,a0K8c00000fNlvMEAS,003ON00000ET3NVYA1
a0JON000009eyUv2AI,PE-0311,a0K8c00000fNlvMEAS,0038c00002jGs8IAAS
a0J8c00000t6JezEAE,PE-0036,a0K8c00000fNlvMEAS,0038c00002jGs0lAAC
a0JON000002Qcmr2AC,PE-0152,a0K8c00000fNlvMEAS,003ON000006dCibYAE
a0J8c00000t6LnxEAE,PE-0074,a0K8c00000fNlvMEAS,0038c00003BalmRAAR
a0JON000003ZPmd2AG,PE-0173,a0K8c00000fNlvMEAS,003ON000004CZapYAG
a0JON000003uEL72AM,PE-0174,a0K8c00000fNlvMEAS,003ON0000079wwpYAA
a0JON00000ApHU62AN,PE-0347,a0K8c00000fNlvMEAS,0038c00002jGs0mAAC
a0JON000009Z9Hm2AK,PE-0308,a0K8c00000fNlvMEAS,0038c00002wuZ1QAAU
a0J8c00000t6JWLEA2,PE-0024,a0K8c00000fNlvMEAS,0038c00002jGqo1AAC
a0JON00000AO80H2AT,PE-0342,a0K8c00000fNlvMEAS,0038c00002jGqRCAA0
a0J8c00000t6JeVEAU,PE-0031,a0K8c00000fNlvMEAS,0038c00002jGqTzAAK
a0JON0000064jO52AI,PE-0238,a0K8c00000fNlvMEAS,003ON00000EShI7YAL
a0J8c00000t6Ee5EAE,PE-0011,a0K8c00000fNlvMEAS,0038c00002jGqnxAAC
a0JON000008aNvx2AE,PE-0292,a0K8c00000fNlvMEAS,003ON00000JFEqvYAH
a0JON000004imEj2AI,PE-0193,a0K8c00000fNlvMEAS,0038c00002jGroiAAC
a0JON000008a6S62AI,PE-0287,a0K8c00000fNlvMEAS,0038c00002yXnQ5AAK
a0JON000009FqVm2AK,PE-0299,a0K8c00000fNlvMEAS,0038c00002jGs4mAAC
a0JON000004kZ6w2AE,PE-0197,a0K8c00000fNlvMEAS,0038c00002jGr9gAAC
a0JON00000DVBe12AH,PE-0400,a0K8c00000fNlvMEAS,003ON00000TJuc5YAD
a0JON0000026n6Y2AQ,PE-0141,a0K8c00000fNlvMEAS,0038c00002jGrmnAAC
a0J8c00000t6JgHEAU,PE-0044,a0K8c00000fNlvMEAS,0038c00002jGrqPAAS
a0J8c00000t6Hq8EAE,PE-0014,a0K8c00000fNlvMEAS,0038c00002nD418AAC
a0JON000005zf6b2AA,PE-0235,a0K8c00000fNlvMEAS,0038c00002jGrywAAC
a0J8c00000t6JfsEAE,PE-0042,a0K8c00000fNlvMEAS,0038c00002jGs7WAAS
a0JON000006rmB72AI,PE-0259,a0K8c00000fNlvMEAS,0038c00002jGrYWAA0
a0J8c00000t6JeMEAU,PE-0035,a0K8c00000fNlvMEAS,0038c00002jGs7aAAC
a0JON000009jzq92AA,PE-0318,a0K8c00000fNlvMEAS,0038c00002jGs8FAAS
a0JON000005RoAk2AK,PE-0221,a0K8c00000fNlvMEAS,003ON0000079ynRYAQ
a0JON000005RoIn2AK,PE-0219,a0K8c00000fNlvMEAS,0038c00002jGr9TAAS
a0JON000002IRNB2A4,PE-0148,a0K8c00000fNlvREAS,0038c00002jGr9XAAS
a0J8c00000t6JJgEAM,PE-0021,a0K8c00000fNlvREAS,0038c00003AE3i7AAD
a0J8c00000sskGpEAI,PE-0094,a0K8c00000fNlvREAS,0038c000039XjqiAAC
a0JON0000022Fmb2AE,PE-0138,a0K8c00000fNlvREAS,0038c00002jGrzCAAS
a0J8c00000sgpfiEAA,PE-0003,a0K8c00000fNlvREAS,0038c00002jGrKeAAK
a0JON00000EiEte2AF,PE-0568,a0K8c00000fNlvREAS,0038c00002jGr4nAAC
a0J8c00000seGaMEAU,PE-0084,a0K8c00000fNlvREAS,0038c00003FRZjwAAH
a0JON000000egBp2AI,PE-0120,a0K8c00000fNlvREAS,0038c00002jGs0fAAC
a0JON00000BRAGH2A5,PE-0359,a0K8c00000fNlvREAS,003ON00000OqPffYAF
a0JON000009gGZR2A2,PE-0314,a0K8c00000fNlvREAS,0038c000034NejFAAS
a0JON00000G8HLp2AN,PE-0573,a0K8c00000fNlvREAS,0038c00002jGrS6AAK
a0JON000008aMLZ2A2,PE-0291,a0K8c00000fNlvREAS,0038c00002jGrUTAA0
a0JON0000018wvv2AA,PE-0129,a0K8c00000fNlvREAS,003ON0000040trrYAA
a0J8c00000t6Ee0EAE,PE-0010,a0K8c00000fNlvREAS,0038c00002zMS0IAAW
a0JON000004POw52AG,PE-0182,a0K8c00000fNmOZEA0,0038c00002jGqvsAAC
a0JON000005Evpx2AC,PE-0207,a0K8c00000fNmOZEA0,0038c00002jGqiwAAC
a0JON00000Azwnh2AB,PE-0348,a0K8c00000fNmOZEA0,0038c00002jGqSfAAK
a0JON000008D1rJ2AS,PE-0282,a0K8c00000fNmOZEA0,0038c00002jGrnqAAC
a0JON00000DxF3Z2AV,PE-0471,a0K8c00000fNmOeEAK,0038c00002jGr3eAAC
a0J8c00000t6JVSEA2,PE-0023,a0K8c00000fNmOeEAK,0038c00002zOcKvAAK
a0JON000008aOSD2A2,PE-0293,a0K8c00000fNmOeEAK,003ON00000IC4aFYAT
a0J8c00000t6JekEAE,PE-0032,a0K8c00000fNmOeEAK,0038c00002jGrl9AAC
a0J8c00000t6JgWEAU,PE-0045,a0K8c00000fNmOeEAK,0038c00002nCDUtAAO
a0JON00000CpF2w2AF,PE-0392,a0K8c00000fNmOeEAK,0038c00002jGr4dAAC
a0JON000004Gsi52AC,PE-0179,a0K8c00000fNmOeEAK,0038c00002jGqR4AAK
a0JON00000BRNQR2A5,PE-0363,a0K8c00000fNmOeEAK,003ON00000Or07KYAR
a0JON000004dygL2AQ,PE-0191,a0K8c00000fNmOeEAK,0038c000035XSBvAAO
a0JON00000BlrnJ2AR,PE-0369,a0K8c00000fNmOeEAK,0038c00002jGs87AAC
a0JON000001mufF2AQ,PE-0133,a0K8c00000fNmOeEAK,0038c00002jGqzIAAS
a0JON000002EfRy2AK,PE-0145,a0K8c00000fNmT3EAK,0038c00002jGs3bAAC
a0J8c00000t6MUDEA2,PE-0078,a0K8c00000fNmT3EAK,0038c00003Bb7BYAAZ
a0JON0000021xOJ2AY,PE-0137,a0K8c00000fNmT3EAK,0038c00002jGqiWAAS
a0J8c00000t6JkOEAU,PE-0061,a0K8c00000fOD14EAG,0038c00002jGqVAAA0
a0J8c00000t6JkPEAU,PE-0065,a0K8c00000fOD14EAG,0038c00002jGr5GAAS
a0J8c00000t6JkdEAE,PE-0064,a0K8c00000fOD14EAG,0038c00002jGqyfAAC
a0J8c00000t6JkiEAE,PE-0066,a0K8c00000fOD14EAG,0038c00002jGr7UAAS
a0J8c00000t6JknEAE,PE-0067,a0K8c00000fOD14EAG,0038c00002jGr7lAAC
a0JON000000eHjk2AE,PE-0114,a0K8c00000fOD14EAG,0038c00002jGs7NAAS
a0JON000000ePcP2AU,PE-0113,a0K8c00000fOD14EAG,0038c00002jGrKMAA0
a0JON000000eVl42AE,PE-0118,a0K8c00000fOD14EAG,0038c00002jGqVKAA0
a0JON000000eab32AA,PE-0116,a0K8c00000fOD14EAG,0038c00002oxa16AAA
a0JON000007IQkn2AG,PE-0264,a0K8c00000fOD14EAG,0038c00002jGrWVAA0
a0JON000007bFiP2AU,PE-0268,a0K8c00000fOD14EAG,0038c00002tw22SAAQ
a0JON00000AAAYD2A5,PE-0329,a0K8c00000fOD14EAG,0038c00002jGs4iAAC
a0JON00000CjzYH2AZ,PE-0390,a0K8c00000fOD14EAG,0038c00002yXXP7AAO
a0JON00000Ck0R72AJ,PE-0391,a0K8c00000fOD14EAG,0038c00003Lk2PQAAZ
a0J8c00000t6JbqEAE,PE-0025,a0K8c00000fOD19EAG,0038c00002yXXP7AAO
a0JON000002QAQn2AO,PE-0150,a0K8c00000fOD19EAG,003ON000006cGzkYAE
a0JON000007bKWn2AM,PE-0272,a0K8c00000fOD19EAG,003ON000004lTPFYA2
a0JON00000BrhgP2AR,PE-0383,a0K8c00000fOD19EAG,003ON00000Phl6vYAB
a0JON000000eUqe2AE,PE-0119,a0K8c00000fOD19EAG,0038c00002jGrbQAAS
a0JON000007bGHv2AM,PE-0273,a0K8c00000fOD19EAG,003ON00000H9EbZYAV
a0JON000000ebiP2AQ,PE-0117,a0K8c00000fOD19EAG,0038c00003Lk2PQAAZ
a0JON000000ehMP2AY,PE-0121,a0K8c00000fOD19EAG,0038c00002oxa0IAAQ
a0JON000008DeJB2A0,PE-0284,a0K8c00000fOD19EAG,0038c00002jGs0qAAC
a0JON000000ck9u2AA,PE-0111,a0K8c00000fOD1AEAW,003ON000002ttlxYAA
a0JON000007bJhB2AU,PE-0271,a0K8c00000fOD1AEAW,003ON00000GphhiYAB
a0JON0000029ZLZ2A2,PE-0144,a0K8c00000fOD1AEAW,0038c00002jGrXcAAK
a0J8c00000t6JlqEAE,PE-0069,a0K8c00000fOD1AEAW,0038c00002jGr8hAAC
a0JON000000cj492AA,PE-0106,a0K8c00000fOD1AEAW,003ON000002tuS7YAI
a0JON000000coIL2AY,PE-0112,a0K8c00000fOD1AEAW,003ON000002u6XpYAI
a0JON000002QW9Z2AW,PE-0151,a0K8c00000fOD1AEAW,003ON000006cwCQYAY
a0JON000000cjVa2AI,PE-0110,a0K8c00000fOD1AEAW,003ON000002tk2uYAA
a0JON00000Ec3b72AB,PE-0565,a0K8c00000fOD1AEAW,0038c00002jGs1BAAS
a0JON000000cc5u2AA,PE-0104,a0K8c00000fOD1AEAW,003ON000002tksMYAQ
a0J8c00000t6JjaEAE,PE-0058,a0K8c00000fOD1AEAW,0038c00002jGr5RAAS
a0JON000007bMn72AE,PE-0274,a0K8c00000fOD1AEAW,003ON00000H9L3WYAV
a0JON000000chFF2AY,PE-0103,a0K8c00000fOD1AEAW,0038c00003OsvKXAAZ
a0JON000000ciZW2AY,PE-0107,a0K8c00000fOD1AEAW,003ON000002tw0eYAA
a0JON000009roO52AI,PE-0327,a0K8c00000fOD1AEAW,0038c00002jGs7hAAC
a0JON000002Rg212AC,PE-0154,a0K8c00000fOD1AEAW,003ON000003LNrAYAW
a0J8c00000t6JkYEAU,PE-0063,a0K8c00000fOD1AEAW,0038c00002jGqacAAC
a0J8c00000t6JlCEAU,PE-0068,a0K8c00000fOD1AEAW,0038c00003AHLlsAAH
a0JON000000ckUs2AI,PE-0108,a0K8c00000fOD1AEAW,003ON000002u1ZlYAI
a0J8c00000t6JkJEAU,PE-0060,a0K8c00000fOD1AEAW,0038c00003AHLNbAAP
a0J8c00000t6JkTEAU,PE-0062,a0K8c00000fOD1AEAW,0038c00002jGqZoAAK
a0JON000000ebnG2AQ,PE-0122,a0K8c00000fOD1AEAW,0038c00002jGrzaAAC
a0JON000008mpDJ2AY,PE-0297,a0K8c00000fOD1EEAW,0038c00002jGs7cAAC
a0JON000002lGwD2AU,PE-0158,a0K8c00000fOD1EEAW,003ON000007AI84YAG
a0JON000002b0O52AI,PE-0156,a0K8c00000fOD1EEAW,003ON000006xihZYAQ
a0J8c00000sskMAEAY,PE-0096,a0K8c00000fOD1EEAW,0038c00002zMThKAAW
a0JON0000026p1t2AA,PE-0142,a0K8c00000fOD1EEAW,0038c00002jGs7YAAS
a0JON000001oHWX2A2,PE-0134,a0K8c00000fOD1EEAW,0038c00002jGs7SAAS
a0JON000009kATp2AM,PE-0321,a0K8c00000fOD1EEAW,0038c00002jGrSSAA0
a0J8c00000t6DJ1EAM,PE-0009,a0K8c00000fOD1EEAW,0038c00003AE45GAAT
a0J8c00000t6JHfEAM,PE-0018,a0K8c00000fOD1EEAW,0038c00002jGs7JAAS
a0JON000009o1VB2AY,PE-0324,a0K8c00000fOD1EEAW,0038c00002jGs7TAAS
a0JON000005NuWU2A0,PE-0216,a0K8c00000fOD1EEAW,0038c00002jGs8HAAS
a0JON0000035OBI2A2,PE-0160,a0K8c00000fOD1EEAW,003ON000007zVSgYAM
a0JON000006EeoX2AS,PE-0254,a0K8c00000fOD1EEAW,0038c00002jGqzWAAS
a0J8c00000t6Jf9EAE,PE-0038,a0K8c00000fOD1EEAW,0038c00002jGr0YAAS
a0JON000004inab2AA,PE-0195,a0K8c00000fOD1EEAW,0038c00002jGqQ0AAK
a0JON0000064pWj2AI,PE-0242,a0K8c00000fOD1EEAW,003ON00000ESqQHYA1
a0JON00000AMo0P2AT,PE-0337,a0K8c00000fOD1EEAW,0038c00002jGs1uAAC
a0JON000004bhmr2AA,PE-0189,a0K8c00000fOD1EEAW,0038c00002jGr4aAAC
a0J8c00000t6KwwEAE,PE-0072,a0K8c00000fOD1EEAW,0038c00002jGqTAAA0
a0JON000004XqaD2AS,PE-0187,a0K8c00000fOD1EEAW,0038c00002jGqmLAAS
a0J8c00000t6KxkEAE,PE-0073,a0K8c00000fOD1EEAW,0038c000039WMD7AAO
a0JON000004Fo5S2AS,PE-0178,a0K8c00000fOD1EEAW,0038c00002jGs7dAAC
a0JON000009gFiD2AU,PE-0313,a0K8c00000fOD1EEAW,0038c00002jGrA8AAK
a0JON00000DxP2v2AF,PE-0541,a0K8c00000fOD1OEAW,0038c00002jGrqbAAC
a0JON000009FupV2AS,PE-0300,a0K8c00000fOD1OEAW,003ON00000KWpOrYAL
a0JON000009JQJN2A4,PE-0302,a0K8c00000fOD1OEAW,0038c00002jGqaUAAS
a0JON000006abK92AI,PE-0255,a0K8c00000fOD1OEAW,0038c00002jGr6BAAS
a0JON000009ehtu2AA,PE-0309,a0K8c00000fOD1OEAW,0038c00002jGqVAAA0
a0JON0000064nec2AA,PE-0243,a0K8c00000fOD1OEAW,003ON00000ESmEaYAL
a0JON000005zhmj2AA,PE-0236,a0K8c00000fOD1OEAW,0038c00002jGs1yAAC
a0JON000005twgP2AQ,PE-0231,a0K8c00000fOD1OEAW,0038c00002jGrUUAA0
a0JON000005mvSY2AY,PE-0230,a0K8c00000fOD1OEAW,0038c00002jGqvfAAC
a0JON000005icwL2AQ,PE-0228,a0K8c00000fOD1OEAW,0038c00002jGrqZAAS
a0JON000005Z0v72AC,PE-0225,a0K8c00000fOD1OEAW,003ON00000CtoJyYAJ
a0JON0000057YYL2A2,PE-0203,a0K8c00000fOD1OEAW,0038c00002jGrnnAAC
a0JON0000057TIZ2A2,PE-0204,a0K8c00000fOD1OEAW,0038c00002jGqYgAAK
a0JON000004v2u12AA,PE-0202,a0K8c00000fOD1OEAW,0038c00002jGrrIAAS
a0JON000004lDPJ2A2,PE-0198,a0K8c00000fOD1OEAW,0038c00002jGqiQAAS
a0JON000004imD82AI,PE-0196,a0K8c00000fOD1OEAW,0038c00002jGqzWAAS
a0JON000004ikEX2AY,PE-0192,a0K8c00000fOD1OEAW,0038c00002jGrb6AAC
a0JON00000AFdg12AD,PE-0336,a0K8c00000fOD1OEAW,0038c00002jGrSdAAK
a0JON00000AawUL2AZ,PE-0345,a0K8c00000fOD1OEAW,0038c00002jGqTKAA0
a0JON00000AmWKn2AN,PE-0346,a0K8c00000fOD1OEAW,0038c00002jGrqgAAC
a0JON000002uzJ02AI,PE-0159,a0K8c00000fOD1OEAW,0038c00002jGqzIAAS
a0JON00000BCFpl2AH,PE-0354,a0K8c00000fOD1OEAW,0038c00002jGqTTAA0
a0JON00000BRJjN2AX,PE-0362,a0K8c00000fOD1OEAW,003ON0000046q6ZYAQ
a0JON000002IMyc2AG,PE-0147,a0K8c00000fOD1OEAW,0038c00002jGs6LAAS
a0JON00000BlrQj2AJ,PE-0368,a0K8c00000fOD1OEAW,0038c00002jGs6UAAS
a0JON000001muKH2AY,PE-0132,a0K8c00000fOD1OEAW,0038c00002jGqnJAAS
a0JON00000DxK1e2AF,PE-0526,a0K8c00000fOD1OEAW,0038c00002jGrb3AAC
a0JON00000DxK3F2AV,PE-0507,a0K8c00000fOD1OEAW,0038c00002jGrTMAA0
a0JON00000DxK852AF,PE-0508,a0K8c00000fOD1OEAW,0038c00002jGrTYAA0
a0JON00000DxKJN2A3,PE-0509,a0K8c00000fOD1OEAW,0038c00002jGrU7AAK
a0JON00000DxKxh2AF,PE-0511,a0K8c00000fOD1OEAW,0038c00002jGrUuAAK
a0JON00000DxL0v2AF,PE-0512,a0K8c00000fOD1OEAW,0038c00002jGrV4AAK
a0JON00000DxL0w2AF,PE-0520,a0K8c00000fOD1OEAW,0038c00002jGrYAAA0
a0JON00000DxLgs2AF,PE-0523,a0K8c00000fOD1OEAW,0038c00002jGrZeAAK
a0JON00000DxLov2AF,PE-0514,a0K8c00000fOD1OEAW,0038c00002jGrWGAA0
a0JON00000DxLwz2AF,PE-0515,a0K8c00000fOD1OEAW,0038c00002jGrWVAA0
a0JON00000DxM1p2AF,PE-0516,a0K8c00000fOD1OEAW,0038c00002jGrWmAAK
a0JON00000DxM9t2AF,PE-0517,a0K8c00000fOD1OEAW,0038c00002jGrX2AAK
a0JON00000DxMEj2AN,PE-0518,a0K8c00000fOD1OEAW,0038c00002jGrXOAA0
a0JON00000DxMHx2AN,PE-0519,a0K8c00000fOD1OEAW,0038c00002jGrXhAAK
a0JON00000DxMQ12AN,PE-0521,a0K8c00000fOD1OEAW,0038c00002jGrYVAA0
a0JON00000DxMUr2AN,PE-0522,a0K8c00000fOD1OEAW,0038c00002jGrZBAA0
a0JON00000DxMY62AN,PE-0530,a0K8c00000fOD1OEAW,0038c00002jGrckAAC
a0JON00000DxMzV2AV,PE-0525,a0K8c00000fOD1OEAW,0038c00002jGraYAAS
a0JON00000DxNFd2AN,PE-0527,a0K8c00000fOD1OEAW,0038c00002jGrcXAAS
a0JON00000DxNSX2A3,PE-0531,a0K8c00000fOD1OEAW,0038c00002jGrdlAAC
a0JON00000DxNcE2AV,PE-0550,a0K8c00000fOD1OEAW,0038c00002jGs0OAAS
a0JON00000DxNdp2AF,PE-0532,a0K8c00000fOD1OEAW,0038c00002jGrl4AAC
a0JON00000DxNlt2AF,PE-0533,a0K8c00000fOD1OEAW,0038c00002jGrnJAAS
a0JON00000DxNqj2AF,PE-0534,a0K8c00000fOD1OEAW,0038c00002jGrniAAC
a0JON00000DxNxB2AV,PE-0535,a0K8c00000fOD1OEAW,0038c00002jGroeAAC
a0JON00000DxO6r2AF,PE-0536,a0K8c00000fOD1OEAW,0038c00002jGrpDAAS
a0JON00000DxOBh2AN,PE-0537,a0K8c00000fOD1OEAW,0038c00002jGrpOAAS
a0JON00000DxOJl2AN,PE-0538,a0K8c00000fOD1OEAW,0038c00002jGrpPAAS
a0JON00000DxOYH2A3,PE-0539,a0K8c00000fOD1OEAW,0038c00002jGrpRAAS
a0JON00000DxOja2AF,PE-0559,a0K8c00000fOD1OEAW,0038c00002jGs4WAAS
a0JON0000087Qu12AE,PE-0280,a0K8c00000fOD1OEAW,0038c00002jGs5QAAS
a0JON00000DxPe12AF,PE-0542,a0K8c00000fOD1OEAW,0038c00002jGrrNAAS
a0JON00000DxQDX2A3,PE-0544,a0K8c00000fOD1OEAW,0038c00002jGryQAAS
a0JON00000DxQNB2A3,PE-0543,a0K8c00000fOD1OEAW,0038c00002jGrxtAAC
a0JON00000DxQOo2AN,PE-0558,a0K8c00000fOD1OEAW,0038c00002jGs4NAAS
a0JON00000DxQlN2AV,PE-0546,a0K8c00000fOD1OEAW,0038c00002jGryqAAC
a0JON00000DxQyH2AV,PE-0547,a0K8c00000fOD1OEAW,0038c00002jGrzFAAS
a0JON00000DxR6L2AV,PE-0548,a0K8c00000fOD1OEAW,0038c00002jGs07AAC
a0JON00000DxREP2A3,PE-0549,a0K8c00000fOD1OEAW,0038c00002jGs0MAAS
a0JON00000DxSvF2AV,PE-0551,a0K8c00000fOD1OEAW,0038c00002jGs1sAAC
a0JON00000DxT892AF,PE-0552,a0K8c00000fOD1OEAW,0038c00002jGs2LAAS
a0JON00000DxTOH2A3,PE-0554,a0K8c00000fOD1OEAW,0038c00002jGs2zAAC
a0JON00000DxTWL2A3,PE-0555,a0K8c00000fOD1OEAW,0038c00002jGs3KAAS
a0JON00000DxTXx2AN,PE-0556,a0K8c00000fOD1OEAW,0038c00002jGs3LAAS
a0JON00000DxTbB2AV,PE-0557,a0K8c00000fOD1OEAW,0038c00002jGs3wAAC
a0JON00000DxTmT2AV,PE-0560,a0K8c00000fOD1OEAW,0038c00002jGs5IAAS
a0J8c00000t6JjuEAE,PE-0059,a0K8c00000fOD1OEAW,0038c00002jGrT0AAK
a0J8c00000t6JhVEAU,PE-0050,a0K8c00000fOD1OEAW,0038c00002jGrKlAAK
a0J8c00000t6JfJEAU,PE-0040,a0K8c00000fOD1OEAW,0038c00002oyPpoAAE
a0JON000008PaoU2AS,PE-0286,a0K8c00000fOD1OEAW,0038c00002jGrKkAAK
a0JON000008PYgE2AW,PE-0285,a0K8c00000fOD1OEAW,0038c00002jGr2aAAC
a0JON00000BnMHB2A3,PE-0378,a0K8c00000fOD1OEAW,0038c00002jGs7HAAS
a0JON00000CENlp2AH,PE-0384,a0K8c00000fOD1OEAW,0038c00002jGqyeAAC
a0J8c00000sgpdhEAA,PE-0002,a0K8c00000fOD1OEAW,0038c00002yY0IzAAK
a0JON00000CulVB2AZ,PE-0398,a0K8c00000fOD1OEAW,0038c00002jGs0qAAC
a0JON00000DV6BK2A1,PE-0399,a0K8c00000fOD1OEAW,0038c00002jGrWgAAK
a0JON00000DZM6D2AX,PE-0402,a0K8c00000fOD1OEAW,0038c00002jGqXDAA0
a0J8c00000ty9OoEAI,PE-0099,a0K8c00000fOD1OEAW,0038c00002jGqbWAAS
a0JON00000Dg4fe2AB,PE-0405,a0K8c00000fOD1OEAW,0038c00002jGqQwAAK
a0JON00000Dvp9a2AB,PE-0411,a0K8c00000fOD1OEAW,0038c00002jGqQBAA0
a0JON00000DvrD02AJ,PE-0424,a0K8c00000fOD1OEAW,0038c00002jGqZVAA0
a0JON00000Dvthr2AB,PE-0457,a0K8c00000fOD1OEAW,0038c00002jGqxNAAS
a0JON00000DvuCU2AZ,PE-0413,a0K8c00000fOD1OEAW,0038c00002jGqTfAAK
a0JON00000DvwuD2AR,PE-0406,a0K8c00000fOD1OEAW,0038c00002jGqQ3AAK
a0JON00000Dvwvq2AB,PE-0412,a0K8c00000fOD1OEAW,0038c00002jGqT9AAK
a0JON00000Dvx5V2AR,PE-0408,a0K8c00000fOD1OEAW,0038c00002jGqRRAA0
a0JON00000Dvx8j2AB,PE-0409,a0K8c00000fOD1OEAW,0038c00002jGqRyAAK
a0JON00000DvxGn2AJ,PE-0410,a0K8c00000fOD1OEAW,0038c00002jGqT0AAK
a0JON00000DvyHh2AJ,PE-0414,a0K8c00000fOD1OEAW,0038c00002jGqTwAAK
a0JON00000DvyPl2AJ,PE-0415,a0K8c00000fOD1OEAW,0038c00002jGqUAAA0
a0JON00000Dvypb2AB,PE-0429,a0K8c00000fOD1OEAW,0038c00002jGqboAAC
a0JON00000Dvyw12AB,PE-0416,a0K8c00000fOD1OEAW,0038c00002jGqV8AAK
a0JON00000DvzDm2AJ,PE-0423,a0K8c00000fOD1OEAW,0038c00002jGqYzAAK
a0JON00000DvzGz2AJ,PE-0418,a0K8c00000fOD1OEAW,0038c00002jGqWsAAK
a0JON00000DvzfB2AR,PE-0420,a0K8c00000fOD1OEAW,0038c00002jGqXeAAK
a0JON00000DvziP2AR,PE-0421,a0K8c00000fOD1OEAW,0038c00002jGqXjAAK
a0JON00000DvznF2AR,PE-0422,a0K8c00000fOD1OEAW,0038c00002jGqXsAAK
a0JON00000Dw0ub2AB,PE-0426,a0K8c00000fOD1OEAW,0038c00002jGqaJAAS
a0JON00000Dw1CL2AZ,PE-0427,a0K8c00000fOD1OEAW,0038c00002jGqbNAAS
a0JON00000Dw1c92AB,PE-0428,a0K8c00000fOD1OEAW,0038c00002jGqbkAAC
a0JON00000Dw2oL2AR,PE-0430,a0K8c00000fOD1OEAW,0038c00002jGqiaAAC
a0JON00000Dw2py2AB,PE-0440,a0K8c00000fOD1OEAW,0038c00002jGqksAAC
a0JON00000Dw2un2AB,PE-0431,a0K8c00000fOD1OEAW,0038c00002jGqihAAC
a0JON00000Dw3E92AJ,PE-0432,a0K8c00000fOD1OEAW,0038c00002jGqjAAAS
a0JON00000Dw3PR2AZ,PE-0433,a0K8c00000fOD1OEAW,0038c00002jGqbRAAS
a0JON00000Dw3aj2AB,PE-0434,a0K8c00000fOD1OEAW,0038c00002jGqkHAAS
a0JON00000Dw3m22AB,PE-0456,a0K8c00000fOD1OEAW,0038c00002jGqxLAAS
a0JON00000Dw48b2AB,PE-0435,a0K8c00000fOD1OEAW,0038c00002jGqkNAAS
a0JON00000Dw4IH2AZ,PE-0437,a0K8c00000fOD1OEAW,0038c00002jGqkgAAC
a0JON00000Dw4Wn2AJ,PE-0438,a0K8c00000fOD1OEAW,0038c00002jGqklAAC
a0JON00000Dw4a12AB,PE-0439,a0K8c00000fOD1OEAW,0038c00002jGqkqAAC
a0JON00000Dw4dF2AR,PE-0441,a0K8c00000fOD1OEAW,0038c00002jGql6AAC
a0JON00000Dw4lJ2AR,PE-0442,a0K8c00000fOD1OEAW,0038c00002jGqlCAAS
a0JON00000Dw4oX2AR,PE-0443,a0K8c00000fOD1OEAW,0038c00002jGqllAAC
a0JON00000Dw4uz2AB,PE-0444,a0K8c00000fOD1OEAW,0038c00002jGqmRAAS
a0JON00000Dw4yD2AR,PE-0445,a0K8c00000fOD1OEAW,0038c00002jGqmbAAC
a0JON00000Dw4zp2AB,PE-0446,a0K8c00000fOD1OEAW,0038c00002jGqmiAAC
a0JON00000Dw5332AB,PE-0447,a0K8c00000fOD1OEAW,0038c00002jGqn1AAC
a0JON00000Dw5EL2AZ,PE-0448,a0K8c00000fOD1OEAW,0038c00002jGqnmAAC
a0JON00000Dw5W52AJ,PE-0452,a0K8c00000fOD1OEAW,0038c00002jGqvqAAC
a0JON00000Dw5av2AB,PE-0453,a0K8c00000fOD1OEAW,0038c00002jGqw0AAC
a0JON00000Dw5e92AB,PE-0454,a0K8c00000fOD1OEAW,0038c00002jGqw1AAC
a0JON00000Dw5iz2AB,PE-0455,a0K8c00000fOD1OEAW,0038c00002jGqxAAAS
a0JON00000Dw5r32AB,PE-0458,a0K8c00000fOD1OEAW,0038c00002jGqy8AAC
a0JON00000Dw5uH2AR,PE-0459,a0K8c00000fOD1OEAW,0038c00002jGqyLAAS
a0JON00000Dw5xV2AR,PE-0460,a0K8c00000fOD1OEAW,0038c00002jGqygAAC
a0JON00000Dw60j2AB,PE-0461,a0K8c00000fOD1OEAW,0038c00002jGqyjAAC
a0JON00000Dw63x2AB,PE-0462,a0K8c00000fOD1OEAW,0038c00002jGqzJAAS
a0JON00000Dw67B2AR,PE-0463,a0K8c00000fOD1OEAW,0038c00002jGr09AAC
a0JON00000Dw6C12AJ,PE-0464,a0K8c00000fOD1OEAW,0038c00002jGr0kAAC
a0JON00000Dw6IT2AZ,PE-0465,a0K8c00000fOD1OEAW,0038c00002jGr12AAC
a0JON00000Dw6Lh2AJ,PE-0466,a0K8c00000fOD1OEAW,0038c00002jGr1GAAS
a0JON00000Dw6QX2AZ,PE-0467,a0K8c00000fOD1OEAW,0038c00002jGr27AAC
a0JON00000Dw73F2AR,PE-0468,a0K8c00000fOD1OEAW,0038c00002jGs5PAAS
a0JON00000Dw79h2AB,PE-0469,a0K8c00000fOD1OEAW,0038c00002jGs6oAAC
a0JON00000Dx9ZH2AZ,PE-0476,a0K8c00000fOD1OEAW,0038c00002jGr4NAAS
a0JON00000DxB3C2AV,PE-0479,a0K8c00000fOD1OEAW,0038c00002jGr5IAAS
a0JON00000DxDWR2A3,PE-0499,a0K8c00000fOD1OEAW,0038c00002jGrIYAA0
a0JON00000DxFEr2AN,PE-0472,a0K8c00000fOD1OEAW,0038c00002jGr3gAAC
a0JON00000DxFEs2AN,PE-0513,a0K8c00000fOD1OEAW,0038c00002jGrW2AAK
a0JON00000DxFMv2AN,PE-0473,a0K8c00000fOD1OEAW,0038c00002jGr3PAAS
a0JON00000DxFQ92AN,PE-0474,a0K8c00000fOD1OEAW,0038c00002jGr3eAAC
a0JON00000DxFZq2AN,PE-0510,a0K8c00000fOD1OEAW,0038c00002jGrUOAA0
a0JON00000DxFgH2AV,PE-0477,a0K8c00000fOD1OEAW,0038c00002jGr4iAAC
a0JON00000DxFjV2AV,PE-0478,a0K8c00000fOD1OEAW,0038c00002jGr4uAAC
a0JON00000DxFjW2AV,PE-0529,a0K8c00000fOD1OEAW,0038c00002jGrcZAAS
a0JON00000DxFtB2AV,PE-0480,a0K8c00000fOD1OEAW,0038c00002jGr5SAAS
a0JON00000DxFwP2AV,PE-0481,a0K8c00000fOD1OEAW,0038c00002jGr5UAAS
a0JON00000DxG7i2AF,PE-0528,a0K8c00000fOD1OEAW,0038c00002jGrcYAAS
a0JON00000DxG9J2AV,PE-0482,a0K8c00000fOD1OEAW,0038c00002jGr5jAAC
a0JON00000DxGCX2A3,PE-0483,a0K8c00000fOD1OEAW,0038c00002jGr7HAAS
a0JON00000DxGCY2A3,PE-0489,a0K8c00000fOD1OEAW,0038c00002jGr90AAC
a0JON00000DxGFl2AN,PE-0484,a0K8c00000fOD1OEAW,0038c00002jGr7UAAS
a0JON00000DxGHN2A3,PE-0485,a0K8c00000fOD1OEAW,0038c00002jGr7lAAC
a0JON00000DxGio2AF,PE-0524,a0K8c00000fOD1OEAW,0038c00002jGrZoAAK
a0JON00000DxH3l2AF,PE-0486,a0K8c00000fOD1OEAW,0038c00002jGr7mAAC
a0JON00000DxHVB2A3,PE-0487,a0K8c00000fOD1OEAW,0038c00002jGr8IAAS
a0JON00000DxHWn2AN,PE-0488,a0K8c00000fOD1OEAW,0038c00002jGr8lAAC
a0JON00000DxHbe2AF,PE-0494,a0K8c00000fOD1OEAW,0038c00002jGrBEAA0
a0JON00000DxHmv2AF,PE-0490,a0K8c00000fOD1OEAW,0038c00002jGr9DAAS
a0JON00000DxIFy2AN,PE-0506,a0K8c00000fOD1OEAW,0038c00002jGrSyAAK
a0JON00000DxIMP2A3,PE-0492,a0K8c00000fOD1OEAW,0038c00002jGrA4AAK
a0JON00000DxIRF2A3,PE-0493,a0K8c00000fOD1OEAW,0038c00002jGrAqAAK
a0JON00000DxIZJ2A3,PE-0495,a0K8c00000fOD1OEAW,0038c00002jGrBLAA0
a0JON00000DxIcX2AV,PE-0496,a0K8c00000fOD1OEAW,0038c00002jGrBQAA0
a0JON00000DxIuH2AV,PE-0497,a0K8c00000fOD1OEAW,0038c00002jGrI3AAK
a0JON00000DxIz72AF,PE-0498,a0K8c00000fOD1OEAW,0038c00002jGrIFAA0
a0JON00000DxJ0k2AF,PE-0501,a0K8c00000fOD1OEAW,0038c00002jGrK3AAK
a0JON00000DxJLh2AN,PE-0500,a0K8c00000fOD1OEAW,0038c00002jGrJgAAK
a0JON00000DxJQX2A3,PE-0502,a0K8c00000fOD1OEAW,0038c00002jGrKKAA0
a0JON00000DxJdR2AV,PE-0503,a0K8c00000fOD1OEAW,0038c00002jGrKeAAK
a0JON00000DxJgf2AF,PE-0504,a0K8c00000fOD1OEAW,0038c00002jGrSTAA0
a0JON00000DxJjv2AF,PE-0545,a0K8c00000fOD1OEAW,0038c00002jGryfAAC
a0JON00000DxJrx2AF,PE-0505,a0K8c00000fOD1OEAW,0038c00002jGrSYAA0
a0JON000000zXtW2AU,PE-0128,a0K8c00000fOD1TEAW,0038c00002jGs7UAAS
a0JON00000DxFYD2A3,PE-0475,a0K8c00000fOD1TEAW,0038c00002jGr3sAAC
a0JON000005xPUA2A2,PE-0232,a0K8c00000fOD1TEAW,0038c00002jGqQ7AAK
a0J8c00000t50LGEAY,PE-0092,a0K8c00000fOD1TEAW,0038c00002jGr7BAAS
a0J8c00000t6HpyEAE,PE-0013,a0K8c00000fOD1TEAW,
a0JON00000EiHcz2AF,PE-0569,a0K8c00000fOD1TEAW,003ON00000E6GAKYA3
a0JON000005xUgj2AE,PE-0234,a0K8c00000fOD1TEAW,0038c00002jGqTEAA0
a0JON000001mqv02AA,PE-0130,a0K8c00000fOD1TEAW,0038c00002jGrWCAA0
a0J8c00000t6JiwEAE,PE-0054,a0K8c00000fOD1TEAW,0038c00002jGqRWAA0
a0JON0000066VGz2AM,PE-0250,a0K8c00000fOD1TEAW,0038c00002jGqnxAAC
a0JON000002IOif2AG,PE-0146,a0K8c00000fOD1TEAW,0038c000039WLyEAAW
a0JON00000Dw56I2AR,PE-0450,a0K8c00000fOD1TEAW,0038c00002jGqvPAAS
a0JON00000DxBJJ2A3,PE-0470,a0K8c00000fOD1TEAW,0038c00002jGr33AAC
a0JON00000DvzSH2AZ,PE-0419,a0K8c00000fOD1TEAW,0038c00002jGqXEAA0
a0JON000001mu7N2AQ,PE-0131,a0K8c00000fOD1TEAW,0038c000032zCUCAA2
a0JON00000BCTG12AP,PE-0355,a0K8c00000fOD1TEAW,0038c00002jGr5GAAS
a0JON00000Dw0bF2AR,PE-0425,a0K8c00000fOD1TEAW,0038c00002jGqZaAAK
a0JON00000B6In72AF,PE-0351,a0K8c00000fOD1TEAW,0038c00002jGqjaAAC
a0JON000000cj2X2AQ,PE-0105,a0K8c00000fOD1TEAW,0038c00002jGs6aAAC
a0JON000007f1yc2AA,PE-0275,a0K8c00000fOD1TEAW,003ON00000AIEJkYAP
a0JON00000Cual32AB,PE-0395,a0K8c00000fOD1TEAW,0038c00002jGrmoAAC
a0JON00000CudFt2AJ,PE-0396,a0K8c00000fOD1TEAW,0038c00002jGrqgAAC
a0JON0000036FM12AM,PE-0166,a0K8c00000fOD1TEAW,0038c00003Oqy59AAB
a0JON00000AMtrJ2AT,PE-0338,a0K8c00000fOD1TEAW,0038c00002jGroiAAC
a0JON00000Dw5O12AJ,PE-0451,a0K8c00000fOD1TEAW,0038c00002jGqvaAAC
a0JON000003uTIZ2A2,PE-0176,a0K8c00000fOD1TEAW,0038c00002jGrIaAAK
a0JON00000DxTJR2A3,PE-0553,a0K8c00000fOD1TEAW,0038c00002jGs2vAAC
a0JON00000Dvz8v2AB,PE-0417,a0K8c00000fOD1TEAW,0038c00002jGqWLAA0
a0J8c00000ty9dwEAA,PE-0101,a0K8c00000fOD1TEAW,0038c00002jGqTTAA0
a0J8c00000t6JeLEAU,PE-0030,a0K8c00000fOD1TEAW,0038c00002jGqVKAA0
a0JON00000222RB2AY,PE-0136,a0K8c00000fOD1TEAW,003ON000005ne4lYAA
a0JON0000026WNR2A2,PE-0139,a0K8c00000fOD1TEAW,0038c00002jGrmBAAS
a0JON000000cm3d2AA,PE-0109,a0K8c00000fOD1TEAW,0038c00002jGs5KAAS
a0J8c00000t6JhFEAU,PE-0046,a0K8c00000fOD1YEAW,0038c00002jGqQuAAK
a0JON00000BnLmX2AV,PE-0377,a0K8c00000fOD1YEAW,0038c00002jGs7NAAS
a0JON00000BRQuZ2AX,PE-0364,a0K8c00000fOD1YEAW,0038c00002yXnPlAAK
a0JON00000AN1Tt2AL,PE-0340,a0K8c00000fOD1YEAW,003ON00000MC1DYYA1
a0JON00000CiOm62AF,PE-0389,a0K8c00000fOD1YEAW,0038c00002jGs1BAAS
a0JON000005xMo22AE,PE-0233,a0K8c00000fOD1YEAW,0038c00002jGrADAA0
a0JON000006oe6r2AA,PE-0258,a0K8c00000fOD1YEAW,003ON00000Fr0voYAB
a0JON000004R9bB2AS,PE-0185,a0K8c00000fOD1YEAW,0038c00002jGqUhAAK
a0JON0000064ljF2AQ,PE-0239,a0K8c00000fOD1YEAW,0038c00002zN4BhAAK
a0JON000002RgtG2AS,PE-0155,a0K8c00000fOD1dEAG,003ON000006fK0KYAU
a0JON000002QfuP2AS,PE-0153,a0K8c00000fOD1dEAG,0038c00002jGqVAAA0
a0JON00000Ec1RG2AZ,PE-0566,a0K8c00000fOD1dEAG,0038c00002jGqSWAA0
a0JON00000AAFzJ2AX,PE-0330,a0K8c00000fOD1dEAG,003ON00000I8xNBYAZ
a0JON000007bEXp2AM,PE-0267,a0K8c00000fOD1dEAG,0038c00003GibsUAAR
a0JON000007bCPb2AM,PE-0270,a0K8c00000fOD1dEAG,0038c00002jGrUuAAK
a0JON00000CVTQD2A5,PE-0386,a0KON000006qEzX2AU,003ON00000QvvSPYAZ
a0JON0000046m4T2AQ,PE-0177,a0KON000006qEzX2AU,0038c00002jGrV6AAK
a0JON00000CuYBN2A3,PE-0394,a0KON000006qEzX2AU,003ON00000RlX7dYAF
